"","vars","n","mean","sd","median","trimmed","mad","min","max","range","skew","kurtosis","se"
"Filename*",1,3758,1879.5,1084.98548377386,1879.5,1879.5,1392.9027,1,3758,3757,0,-1.20095799875455,17.6988700204279
"WC",2,3758,144.318520489622,82.7246326508107,201,144.989694148936,59.304,31,509,478,-0.156945535155928,-1.47167828428484,1.34944894901424
"RC1",3,3758,4.45283221660458,3.32584110990066,3.92156,4.16964030585106,2.848904856,-8.69565,27.27272,35.96837,1.11110135985926,2.76628703810006,0.0542529189496474
"RC2",4,3758,2.18256887174029,3.04000523461452,1.76992,1.99138340093085,2.624083392,-13.8889,17.64703,31.53593,0.577247629902441,2.50575999307472,0.0495902095590405
"RC4",5,3758,3.45840076636509,3.17274357653484,2.85714,3.17511153590426,2.626173858,-7.14286,22.22224,29.3651,1.01681836466792,2.24071645945843,0.0517555091833297
"RC3",6,3758,3.94349542841937,3.43544642558918,3.703695,3.80784752327128,2.962939035,-8.33334,24.32431,32.65765,0.518509834637923,1.6421822091092,0.0560408601386591
"RC5",7,3758,2.70787395423097,3.57532012640239,2.315705,2.49486900930851,2.892137472,-10.81081,22.22224,33.03305,0.899088946552973,2.85579403961703,0.0583225555963332
